,rules,support,confidence,coverage,lift,count
0,{에이치앤비_씨없는청포도} => {지구인_채식주의샐러드볼},0.0101464619728251,0.5227272727272729,0.019410622904534998,1.5715095249578,115
1,{더본_빽햄200g} => {매일_멸균흰우유200ml},0.0115581436386095,0.51171875,0.0225869066525498,1.69387275481893,131
2,{더본_빽햄200g} => {지구인_채식주의샐러드볼},0.0101464619728251,0.44921875,0.0225869066525499,1.35051599801061,115
3,{CJ_진한참기름110ml} => {매일_멸균흰우유200ml},0.0117346038468325,0.481884057971014,0.0243515087347803,1.59511504469728,133
4,{CJ_진한참기름110ml} => {지구인_채식주의샐러드볼},0.0120875242632786,0.49637681159420294,0.0243515087347803,1.49229039326491,137
5,{동원_꽁치400g} => {매일_멸균흰우유200ml},0.0112052232221634,0.44405594405594395,0.0252338097758955,1.4698978007973302,127
6,{동원_꽁치400g} => {지구인_채식주의샐러드볼},0.0125286747838362,0.496503496503497,0.0252338097758955,1.49267125447497,142
7,{롯데_의성마늘무안양파2입} => {매일_멸균흰우유200ml},0.0125286747838362,0.465573770491803,0.0269101817540145,1.54112532557071,142
8,{롯데_의성마늘무안양파2입} => {지구인_채식주의샐러드볼},0.0168519498853009,0.6262295081967211,0.0269101817540145,1.8826751315388999,191
9,{씨엔_블루베리100g} => {매일_멸균흰우유200ml},0.0128815952002823,0.446483180428135,0.028851244044467997,1.4779323501672,146
10,{씨엔_블루베리100g} => {지구인_채식주의샐러드볼},0.0138521263455091,0.480122324159021,0.028851244044467997,1.44342345411627,157
11,{롯데_애플뚱모스빵} => {매일_멸균흰우유200ml},0.0134109758249515,0.41304347826086996,0.0324686783130404,1.3672414668833799,152
12,{롯데_애플뚱모스빵} => {지구인_채식주의샐러드볼},0.0127933650961708,0.394021739130435,0.0324686783130404,1.1845735785953202,145
13,{코카_토레타P900ml} => {매일_멸균흰우유200ml},0.0142050467619552,0.306083650190114,0.04640903476266099,1.01318694253936,161
14,{코카_토레타P900ml} => {지구인_채식주의샐러드볼},0.0145579671784013,0.313688212927757,0.04640903476266099,0.943061592923924,165
15,{마니커_바사삭치킨한마리} => {매일_멸균흰우유200ml},0.0178224810305276,0.47196261682242996,0.0377624845597318,1.56227345182985,202
16,{마니커_바사삭치킨한마리} => {지구인_채식주의샐러드볼},0.0230280571731075,0.60981308411215,0.0377624845597318,1.8333213515456497,261
17,{삼립_슈프림치즈부리또} => {CJ_고메순살치킨550g},0.0100582318687136,0.31147540983606603,0.0322922181048174,8.19086379369366,114
18,{CJ_고메순살치킨550g} => {삼립_슈프림치즈부리또},0.0100582318687136,0.264501160092807,0.0380271748720663,8.19086379369366,114
19,{삼립_슈프림치즈부리또} => {지구인_채식주의샐러드볼},0.0193223928004235,0.5983606557377049,0.0322922181048174,1.79889115971648,219
20,{샌_치즈에그샌드위치} => {동원_모닝버터200g},0.0104111522851597,0.315508021390374,0.0329980589377095,3.8164011893687304,118
21,{샌_치즈에그샌드위치} => {지구인_채식주의샐러드볼},0.0197635433209811,0.598930481283422,0.0329980589377095,1.80060426389027,224
22,{동원_지중해황도410g} => {크라운_새콤달콤블루소다},0.0104111522851597,0.25485961123110196,0.0408505382036351,1.3586918314644,118
23,{동원_지중해황도410g} => {매일_멸균흰우유200ml},0.0190577024880889,0.46652267818574505,0.0408505382036351,1.54426636523284,216
24,{동원_지중해황도410g} => {지구인_채식주의샐러드볼},0.0185283218634198,0.453563714902808,0.0408505382036351,1.36357855297306,210
25,{오리온_왕고래밥스낵} => {매일_멸균흰우유200ml},0.0177342509264161,0.402,0.0441150520557614,1.33068574766355,201
26,{오리온_왕고래밥스낵} => {지구인_채식주의샐러드볼},0.0189694723839774,0.43,0.0441150520557614,1.2927374005305,215
27,{푸드_하루한컵과일&견과} => {삼립_저온숙식빵},0.0101464619728251,0.282555282555283,0.0359096523733898,7.661439168616201,115
28,{삼립_저온숙식빵} => {푸드_하루한컵과일&견과},0.0101464619728251,0.27511961722488,0.0368801835186166,7.661439168616201,115
29,{푸드_하루한컵과일&견과} => {동서_콘푸라이트},0.0107640727016058,0.2997542997543,0.0359096523733898,7.29059062964642,122
30,{동서_콘푸라이트} => {푸드_하루한컵과일&견과},0.0107640727016058,0.26180257510729604,0.0411152285159696,7.29059062964642,122
31,{푸드_하루한컵과일&견과} => {도_고기듬뿍김치제육},0.0100582318687136,0.28009828009828003,0.0359096523733898,3.4847792608495096,114
32,{푸드_하루한컵과일&견과} => {지구인_채식주의샐러드볼},0.0211752249867655,0.58968058968059,0.0359096523733898,1.77279570383019,240
33,{삼립_저온숙식빵} => {롯데_스크류바아이스},0.0100582318687136,0.272727272727273,0.0368801835186166,4.69770654877038,114
34,{삼립_저온숙식빵} => {도_브레드쏘야도시락},0.0102346920769367,0.27751196172248804,0.0368801835186166,4.57834144710725,116
35,{삼립_저온숙식빵} => {삼립미각_이즈니버터와플},0.0101464619728251,0.27511961722488,0.0368801835186166,3.91242878497716,115
36,{삼립_저온숙식빵} => {진진_강릉커피블랙8T},0.0102346920769367,0.27751196172248804,0.0368801835186166,3.0477912540336,116
37,{삼립_저온숙식빵} => {동원_모닝버터200g},0.0102346920769367,0.27751196172248804,0.0368801835186166,3.35679890518963,116
38,{삼립_저온숙식빵} => {김천_깨끗한계란10입},0.0105876124933827,0.287081339712919,0.0368801835186165,3.16823749202164,120
39,{삼립_저온숙식빵} => {매일_멸균흰우유200ml},0.0100582318687136,0.272727272727273,0.0368801835186166,0.9027718776550551,114
40,{삼립_저온숙식빵} => {지구인_채식주의샐러드볼},0.0216163755073231,0.586124401913876,0.0368801835186166,1.76210450166893,245
41,{샘표_토마토파스타소스430} => {삼립미각_이즈니버터와플},0.0104993823892712,0.273563218390805,0.0383800952885124,3.89029550469433,119
42,{샘표_토마토파스타소스430} => {동원_통그릴델리햄150g},0.0110287630139404,0.28735632183908,0.0383800952885124,3.2278459382796205,125
43,{샘표_토마토파스타소스430} => {서울_ABC주스},0.0102346920769367,0.266666666666667,0.0383800952885124,2.75515041020966,116
44,{샘표_토마토파스타소스430} => {동원_체다치즈3입},0.0107640727016058,0.280459770114943,0.0383800952885124,1.94298962987944,122
45,{샘표_토마토파스타소스430} => {실속_1500모닝롤6입},0.0101464619728251,0.264367816091954,0.0383800952885124,1.31591779867642,115
46,{샘표_토마토파스타소스430} => {매일_멸균흰우유200ml},0.0108523028057173,0.282758620689655,0.0383800952885124,0.9359772800515629,123
47,{샘표_토마토파스타소스430} => {지구인_채식주의샐러드볼},0.0213516851949885,0.55632183908046,0.0383800952885124,1.6725070886307498,242
48,{CJ_고메순살치킨550g} => {동서_콘푸라이트},0.011646373742721,0.306264501160093,0.0380271748720664,7.44893102177788,132
49,{동서_콘푸라이트} => {CJ_고메순살치킨550g},0.011646373742721,0.28326180257510697,0.0411152285159696,7.44893102177788,132
50,{CJ_고메순살치킨550g} => {롯데_스크류바아이스},0.0105876124933827,0.27842227378190304,0.0380271748720664,4.79580250918554,120
51,{CJ_고메순살치킨550g} => {도_브레드쏘야도시락},0.0108523028057173,0.28538283062645,0.0380271748720663,4.70819359871934,123
52,{CJ_고메순살치킨550g} => {CJ_백설정백당1kg},0.0104993823892712,0.27610208816705295,0.0380271748720664,4.10674680746113,119
53,{CJ_고메순살치킨550g} => {도_고기듬뿍김치제육},0.0106758425974943,0.280742459396752,0.0380271748720664,3.49279367157276,121
54,{CJ_고메순살치킨550g} => {HJF_숯향가득삼겹살구이},0.0103229221810482,0.27146171693735505,0.0380271748720663,3.26618588085773,117
55,{CJ_고메순살치킨550g} => {동원_모닝버터200g},0.0101464619728251,0.266821345707657,0.0380271748720664,3.2274846662226,115
56,{CJ_고메순살치킨550g} => {동원_통그릴델리햄150g},0.0109405329098288,0.287703016241299,0.0380271748720663,3.2317403231703503,124
57,{CJ_고메순살치킨550g} => {김천_깨끗한계란10입},0.0100582318687136,0.264501160092807,0.0380271748720663,2.91904201411089,114
58,{CJ_고메순살치킨550g} => {선명_하루견과요거트},0.0106758425974943,0.280742459396752,0.0380271748720664,1.79364996324847,121
59,{CJ_고메순살치킨550g} => {매일_멸균흰우유200ml},0.0101464619728251,0.266821345707657,0.0380271748720664,0.883222293297482,115
60,{CJ_고메순살치킨550g} => {지구인_채식주의샐러드볼},0.023116287277218997,0.6078886310904871,0.0380271748720664,1.8275357413208402,262
61,{동서_콘푸라이트} => {롯데_스크류바아이스},0.0104111522851597,0.253218884120172,0.0411152285159696,4.36167603741341,118
62,{동서_콘푸라이트} => {도_브레드쏘야도시락},0.0112052232221634,0.272532188841202,0.0411152285159696,4.49618606743258,127
63,{동서_콘푸라이트} => {CJ_백설정백당1kg},0.0103229221810482,0.251072961373391,0.0411152285159696,3.73446318137271,117
64,{동서_콘푸라이트} => {김천_깨끗한계란10입},0.0108523028057173,0.263948497854077,0.0411152285159696,2.9129428185765396,123
65,{동서_콘푸라이트} => {동원_체다치즈3입},0.0108523028057173,0.263948497854077,0.0411152285159696,1.82860163488882,123
66,{동서_콘푸라이트} => {선명_하루견과요거트},0.0119110640550556,0.289699570815451,0.0411152285159696,1.85087651387955,135
67,{동서_콘푸라이트} => {크라운_새콤달콤블루소다},0.0108523028057173,0.263948497854077,0.0411152285159696,1.4071459429342,123
68,{동서_콘푸라이트} => {매일_멸균흰우유200ml},0.013675666137286002,0.33261802575107297,0.0411152285159696,1.1010200653804498,155
69,{동서_콘푸라이트} => {지구인_채식주의샐러드볼},0.0253220398800071,0.61587982832618,0.0411152285159696,1.8515602053710702,287
70,{이가_투움바파스타} => {동원_체다치즈3입},0.0127933650961708,0.26126126126126104,0.0489677077818952,1.8099848014273403,145
71,{이가_투움바파스타} => {크라운_새콤달콤블루소다},0.0144697370742897,0.295495495495495,0.0489677077818952,1.5753273499275402,164
72,{이가_투움바파스타} => {실속_1500모닝롤6입},0.0125286747838362,0.255855855855856,0.0489677077818952,1.27354864746169,142
73,{이가_투움바파스타} => {매일_멸균흰우유200ml},0.0159696488441856,0.32612612612612607,0.0489677077818952,1.07953081586259,181
74,{이가_투움바파스타} => {지구인_채식주의샐러드볼},0.0276160225869067,0.563963963963964,0.0489677077818952,1.69548211341315,313
75,{CJ_백설밀가루1kg} => {CJ_백설정백당1kg},0.0142050467619552,0.28904847396768396,0.0491441679901182,4.2993115537398,161
76,{CJ_백설밀가루1kg} => {동원_체다치즈3입},0.0124404446797247,0.253141831238779,0.0491441679901182,1.7537344225307598,141
77,{CJ_백설밀가루1kg} => {선명_하루견과요거트},0.0142050467619552,0.28904847396768396,0.0491441679901182,1.84671668768305,161
78,{CJ_백설밀가루1kg} => {실속_1500모닝롤6입},0.0124404446797247,0.253141831238779,0.0491441679901182,1.26003931280647,141
79,{CJ_백설밀가루1kg} => {매일_멸균흰우유200ml},0.0184400917593083,0.375224416517056,0.0491441679901182,1.2420541871507902,209
80,{CJ_백설밀가루1kg} => {지구인_채식주의샐러드볼},0.029027704252691005,0.590664272890485,0.0491441679901182,1.77575301563415,329
81,{롯데_허쉬아몬드초콜릿} => {매일_멸균흰우유200ml},0.0248808893594494,0.36340206185567,0.0684665607905417,1.20292025965893,282
82,{롯데_허쉬아몬드초콜릿} => {지구인_채식주의샐러드볼},0.0226751367566614,0.33118556701030893,0.0684665607905417,0.9956650441630891,257
83,{롯데_스크류바아이스} => {크라운_새콤달콤블루소다},0.0156167284277395,0.268996960486322,0.05805540850538201,1.43405999536782,177
84,{롯데_스크류바아이스} => {매일_멸균흰우유200ml},0.0167637197811893,0.288753799392097,0.05805540850538201,0.955822302076528,190
85,{롯데_스크류바아이스} => {지구인_채식주의샐러드볼},0.0280571731074643,0.483282674772036,0.05805540850538201,1.45292462489821,318
86,{세척사과} => {돌_후룻바틀파인애플666g},0.0177342509264161,0.270161290322581,0.065643197458973,2.9670620780194996,201
87,{세척사과} => {매일_멸균흰우유200ml},0.0314099170637021,0.478494623655914,0.065643197458973,1.58389546276756,356
88,{세척사과} => {지구인_채식주의샐러드볼},0.0320275277924828,0.487903225806452,0.065643197458973,1.46681569264995,363
89,{이멕스_비첸지밀크크림65g} => {동원_체다치즈3입},0.0158814187400741,0.25139664804469297,0.0631727545438504,1.7416440152436101,180
90,{이멕스_비첸지밀크크림65g} => {선명_하루견과요거트},0.0182636315510852,0.289106145251397,0.0631727545438504,1.8470851467189,207
91,{이멕스_비첸지밀크크림65g} => {매일_멸균흰우유200ml},0.0316746073760367,0.501396648044693,0.0631727545438504,1.65970490915261,359
92,{이멕스_비첸지밀크크림65g} => {지구인_채식주의샐러드볼},0.0364390329980589,0.576815642458101,0.0631727545438504,1.7341189632944598,413
93,{도_브레드쏘야도시락} => {매일_멸균흰우유200ml},0.0183518616551968,0.302765647743814,0.0606140815246162,1.00220381177815,208
94,{도_브레드쏘야도시락} => {지구인_채식주의샐러드볼},0.0303511558143639,0.500727802037846,0.0606140815246162,1.50537106320874,344
95,{푸드_뉴혼당패스트리} => {매일_멸균흰우유200ml},0.0335274395623787,0.43428571428571394,0.0772013410975825,1.4375567423231,380
96,{푸드_뉴혼당패스트리} => {지구인_채식주의샐러드볼},0.0268219516499029,0.34742857142857103,0.0772013410975825,1.04449746115953,304
97,{새롬_썬키스트오렌지3입망} => {선명_하루견과요거트},0.0187930121757544,0.261670761670762,0.0718193047467796,1.6718018110351798,213
98,{새롬_썬키스트오렌지3입망} => {매일_멸균흰우유200ml},0.032909828833598,0.4582309582309579,0.0718193047467796,1.51681941606007,373
99,{새롬_썬키스트오렌지3입망} => {지구인_채식주의샐러드볼},0.03476266101994,0.48402948402948404,0.0718193047467796,1.45516980689394,394
100,{CJ_맛있는소시지160g} => {동원_체다치즈3입},0.0208223045703194,0.250797024442083,0.08302452796894298,1.7374898991604901,236
101,{CJ_맛있는소시지160g} => {크라운_새콤달콤블루소다},0.021263455090877,0.256110520722636,0.08302452796894298,1.3653606029493701,241
102,{CJ_맛있는소시지160g} => {실속_1500모닝롤6입},0.0279689430033527,0.33687566418703496,0.08302452796894298,1.67683301620371,317
103,{CJ_맛있는소시지160g} => {매일_멸균흰우유200ml},0.0312334568554791,0.37619553666312394,0.08302452796894298,1.2452687536623401,354
104,{CJ_맛있는소시지160g} => {지구인_채식주의샐러드볼},0.0342332803952709,0.412327311370882,0.08302452796894298,1.23960682946355,388
105,{CJ_백설정백당1kg} => {선명_하루견과요거트},0.017204870301747,0.255905511811024,0.0672313393329804,1.63496790916919,195
106,{CJ_백설정백당1kg} => {크라운_새콤달콤블루소다},0.0172931004058585,0.257217847769029,0.0672313393329804,1.37126391656358,196
107,{CJ_백설정백당1kg} => {매일_멸균흰우유200ml},0.0253220398800071,0.376640419947507,0.0672313393329804,1.24674139009493,287
108,{CJ_백설정백당1kg} => {지구인_채식주의샐러드볼},0.0359096523733898,0.5341207349081359,0.0672313393329804,1.60576244282462,407
109,{삼립미각_이즈니버터와플} => {크라운_새콤달콤블루소다},0.0185283218634198,0.263488080301129,0.0703193929768837,1.40469139328928,210
110,{삼립미각_이즈니버터와플} => {실속_1500모닝롤6입},0.0177342509264161,0.25219573400250894,0.0703193929768837,1.2553300172088,201
111,{삼립미각_이즈니버터와플} => {매일_멸균흰우유200ml},0.0226751367566614,0.322459222082811,0.0703193929768837,1.06739276375192,257
112,{삼립미각_이즈니버터와플} => {지구인_채식주의샐러드볼},0.0350273513322746,0.49811794228356304,0.0703193929768837,1.49752486945409,397
113,{광동_제주삼다수P500ml} => {크라운_새콤달콤블루소다},0.025145579671784,0.26218951241950306,0.0959061231692253,1.39776854833615,285
114,{광동_제주삼다수P500ml} => {매일_멸균흰우유200ml},0.0381154049761779,0.397424103035879,0.0959061231692254,1.31553878031795,432
115,{광동_제주삼다수P500ml} => {지구인_채식주의샐러드볼},0.0333509793541556,0.34774609015639396,0.0959061231692253,1.04545203868238,378
116,{도_고기듬뿍김치제육} => {실속_1500모닝롤6입},0.0216163755073231,0.268935236004391,0.0803776248455973,1.33865259766085,245
117,{도_고기듬뿍김치제육} => {매일_멸균흰우유200ml},0.0291159343568025,0.362239297475302,0.0803776248455973,1.19907131938816,330
118,{도_고기듬뿍김치제육} => {지구인_채식주의샐러드볼},0.0475560261161108,0.59165751920966,0.0803776248455973,1.7787390776451697,539
119,{HJF_숯향가득삼겹살구이} => {매일_멸균흰우유200ml},0.0302629257102523,0.3641188959660301,0.0831127580730545,1.20529309780344,343
120,{HJF_숯향가득삼겹살구이} => {지구인_채식주의샐러드볼},0.0465854949708841,0.560509554140127,0.0831127580730545,1.6850968930037702,528
121,{돌_후룻바틀파인애플666g} => {선명_하루견과요거트},0.0254102699841186,0.27906976744186,0.0910534674430916,1.78296321543746,288
122,{돌_후룻바틀파인애플666g} => {실속_1500모닝롤6입},0.0227633668607729,0.25,0.0910534674430916,1.24440052700922,258
123,{돌_후룻바틀파인애플666g} => {매일_멸균흰우유200ml},0.0431445209105347,0.473837209302326,0.0910534674430916,1.56847865953054,489
124,{돌_후룻바틀파인애플666g} => {지구인_채식주의샐러드볼},0.0434092112228692,0.47674418604651203,0.0910534674430916,1.43326753439023,492
125,{진진_강릉커피블랙8T} => {매일_멸균흰우유200ml},0.0341450502911593,0.375,0.0910534674430916,1.2413113317757,387
126,{진진_강릉커피블랙8T} => {지구인_채식주의샐러드볼},0.040674077995412,0.446705426356589,0.0910534674430916,1.34296002714206,461
127,{동원_모닝버터200g} => {동원_체다치즈3입},0.0218810658196577,0.264674493062967,0.0826716075524969,1.83363123739344,248
128,{동원_모닝버터200g} => {실속_1500모닝롤6입},0.0219692959237692,0.26574172892209197,0.0826716075524969,1.32275659007597,249
129,{동원_모닝버터200g} => {매일_멸균흰우유200ml},0.0355567319569437,0.43009605122732103,0.0826716075524969,1.42368827237455,403
130,{동원_모닝버터200g} => {지구인_채식주의샐러드볼},0.0463208046585495,0.5602988260405551,0.0826716075524969,1.68446336719991,525
131,{에이치비_우유식빵} => {매일_멸균흰우유200ml},0.0466737250749956,0.459600347523892,0.101552849832363,1.52135231858522,529
132,{에이치비_우유식빵} => {지구인_채식주의샐러드볼},0.0440268219516499,0.43353605560382297,0.101552849832363,1.30336807804078,499
133,{동원_통그릴델리햄150g} => {실속_1500모닝롤6입},0.0247044291512264,0.277502477700694,0.0890241750485266,1.38129691798843,280
134,{동원_통그릴델리햄150g} => {매일_멸균흰우유200ml},0.0337038997706017,0.37859266600594604,0.0890241750485266,1.25320364384095,382
135,{동원_통그릴델리햄150g} => {지구인_채식주의샐러드볼},0.0508205399682372,0.570862239841427,0.0890241750485266,1.7162208557991299,576
136,{김천_깨끗한계란10입} => {동원_체다치즈3입},0.023116287277218997,0.25511197663096397,0.09061231692253399,1.7673833393247802,262
137,{김천_깨끗한계란10입} => {실속_1500모닝롤6입},0.0241750485265573,0.26679649464459604,0.09061231692253399,1.32800679415979,274
138,{김천_깨끗한계란10입} => {매일_멸균흰우유200ml},0.0391741662255161,0.432327166504382,0.09061231692253399,1.4310736288436499,444
139,{김천_깨끗한계란10입} => {지구인_채식주의샐러드볼},0.0507323098641256,0.5598831548198641,0.09061231692253399,1.683213707355,575
140,{서울_ABC주스} => {선명_하루견과요거트},0.0264690312334569,0.273473108477666,0.0967884242103406,1.74720643263014,300
141,{서울_ABC주스} => {크라운_새콤달콤블루소다},0.0250573495676725,0.258887876025524,0.0967884242103406,1.3801670681436002,284
142,{서울_ABC주스} => {매일_멸균흰우유200ml},0.0369684136227281,0.38195077484047396,0.0967884242103406,1.26431953330664,419
143,{서울_ABC주스} => {지구인_채식주의샐러드볼},0.0473795659078878,0.48951686417502294,0.0967884242103406,1.47166688025456,537
144,{동원_체다치즈3입} => {선명_하루견과요거트},0.0397035468501853,0.275061124694377,0.144344450326451,1.75735219125483,450
145,{선명_하루견과요거트} => {동원_체다치즈3입},0.0397035468501853,0.253664036076663,0.15652020469384198,1.75735219125483,450
146,{동원_체다치즈3입} => {실속_1500모닝롤6입},0.0407623080995236,0.28239608801955995,0.144344450326451,1.40565536302753,462
147,{동원_체다치즈3입} => {매일_멸균흰우유200ml},0.0602611611081701,0.417481662591687,0.144344450326451,1.38193258288966,683
148,{동원_체다치즈3입} => {지구인_채식주의샐러드볼},0.0729662961002294,0.505501222493888,0.144344450326451,1.5197217123993998,827
149,{선명_하루견과요거트} => {실속_1500모닝롤6입},0.0410269984118581,0.262119503945885,0.15652020469384198,1.30472659539862,465
150,{선명_하루견과요거트} => {매일_멸균흰우유200ml},0.0685547908946533,0.437993235625705,0.15652020469384198,1.4498292443287801,777
151,{선명_하루견과요거트} => {지구인_채식주의샐러드볼},0.0802893947414858,0.512965050732807,0.15652020469384198,1.5421607122030903,910
152,{크라운_새콤달콤블루소다} => {매일_멸균흰우유200ml},0.0548791247573672,0.29256820319849497,0.18757720134109804,0.968448602526793,622
153,{크라운_새콤달콤블루소다} => {지구인_채식주의샐러드볼},0.065643197458973,0.349952963311383,0.18757720134109804,1.05208670720722,744
154,{실속_1500모닝롤6입} => {매일_멸균흰우유200ml},0.0702311628727722,0.349582784365393,0.200899947061938,1.1571761910038998,796
155,{실속_1500모닝롤6입} => {지구인_채식주의샐러드볼},0.0790541732839245,0.393500219587176,0.200899947061938,1.1830056999472298,896
156,{매일_멸균흰우유200ml} => {지구인_채식주의샐러드볼},0.135786130227634,0.449474299065421,0.30209987647785397,1.35128427204442,1539
157,{지구인_채식주의샐러드볼} => {매일_멸균흰우유200ml},0.135786130227634,0.408222811671088,0.33262749250044105,1.35128427204442,1539
158,"{마니커_바사삭치킨한마리,매일_멸균흰우유200ml} => {지구인_채식주의샐러드볼}",0.0123522145756132,0.6930693069306929,0.0178224810305276,2.08362003309084,140
159,"{지구인_채식주의샐러드볼,마니커_바사삭치킨한마리} => {매일_멸균흰우유200ml}",0.0123522145756132,0.5363984674329499,0.0230280571731075,1.77556665592437,140
160,"{동원_지중해황도410g,매일_멸균흰우유200ml} => {지구인_채식주의샐러드볼}",0.0103229221810482,0.5416666666666671,0.0190577024880889,1.62844827586207,117
161,"{지구인_채식주의샐러드볼,동원_지중해황도410g} => {매일_멸균흰우유200ml}",0.0103229221810482,0.557142857142857,0.0185283218634198,1.8442339786381798,117
162,"{CJ_백설밀가루1kg,매일_멸균흰우유200ml} => {지구인_채식주의샐러드볼}",0.0109405329098288,0.593301435406699,0.0184400917593083,1.7836812914852802,124
163,"{지구인_채식주의샐러드볼,CJ_백설밀가루1kg} => {매일_멸균흰우유200ml}",0.0109405329098288,0.37689969604863205,0.029027704252691005,1.24759963639463,124
164,"{롯데_허쉬아몬드초콜릿,매일_멸균흰우유200ml} => {지구인_채식주의샐러드볼}",0.0120875242632786,0.48581560283687897,0.0248808893594494,1.4605395338337401,137
165,"{지구인_채식주의샐러드볼,롯데_허쉬아몬드초콜릿} => {매일_멸균흰우유200ml}",0.0120875242632786,0.5330739299610889,0.0226751367566614,1.7645618931597502,137
166,"{돌_후룻바틀파인애플666g,세척사과} => {지구인_채식주의샐러드볼}",0.0108523028057173,0.611940298507463,0.0177342509264161,1.83971653668,123
167,"{지구인_채식주의샐러드볼,세척사과} => {돌_후룻바틀파인애플666g}",0.0108523028057173,0.338842975206612,0.0320275277924828,3.7213626753795896,123
168,"{지구인_채식주의샐러드볼,돌_후룻바틀파인애플666g} => {세척사과}",0.0108523028057173,0.25,0.0434092112228692,3.8084677419354804,123
169,"{세척사과,선명_하루견과요거트} => {지구인_채식주의샐러드볼}",0.0104111522851597,0.666666666666667,0.0156167284277395,2.0042440318302397,118
170,"{지구인_채식주의샐러드볼,세척사과} => {선명_하루견과요거트}",0.0104111522851597,0.32506887052341604,0.0320275277924828,2.07684925508027,118
171,"{세척사과,매일_멸균흰우유200ml} => {지구인_채식주의샐러드볼}",0.0193223928004235,0.615168539325843,0.0314099170637021,1.8494218102703202,219
172,"{지구인_채식주의샐러드볼,세척사과} => {매일_멸균흰우유200ml}",0.0193223928004235,0.603305785123967,0.0320275277924828,1.99704082026724,219
173,"{이멕스_비첸지밀크크림65g,동원_체다치즈3입} => {지구인_채식주의샐러드볼}",0.0115581436386095,0.7277777777777779,0.0158814187400741,2.18796640141468,131
174,"{지구인_채식주의샐러드볼,이멕스_비첸지밀크크림65g} => {동원_체다치즈3입}",0.0115581436386095,0.317191283292978,0.0364390329980589,2.19746088315563,131
175,"{이멕스_비첸지밀크크림65g,선명_하루견과요거트} => {매일_멸균흰우유200ml}",0.0110287630139404,0.6038647342995171,0.0182636315510852,1.99889103345524,125
176,"{이멕스_비첸지밀크크림65g,매일_멸균흰우유200ml} => {선명_하루견과요거트}",0.0110287630139404,0.348189415041783,0.0316746073760367,2.22456529316999,125
177,"{이멕스_비첸지밀크크림65g,선명_하루견과요거트} => {지구인_채식주의샐러드볼}",0.0126169048879478,0.690821256038647,0.0182636315510852,2.07686156921539,143
178,"{지구인_채식주의샐러드볼,이멕스_비첸지밀크크림65g} => {선명_하루견과요거트}",0.0126169048879478,0.346246973365617,0.0364390329980589,2.2121551274666897,143
179,"{이멕스_비첸지밀크크림65g,매일_멸균흰우유200ml} => {지구인_채식주의샐러드볼}",0.0205576142579848,0.649025069637883,0.0316746073760367,1.9512069334948998,233
180,"{지구인_채식주의샐러드볼,이멕스_비첸지밀크크림65g} => {매일_멸균흰우유200ml}",0.0205576142579848,0.564164648910412,0.0364390329980589,1.86747725781268,233
181,"{푸드_뉴혼당패스트리,매일_멸균흰우유200ml} => {지구인_채식주의샐러드볼}",0.0149991176989589,0.447368421052632,0.0335274395623787,1.3449532318860802,170
182,"{지구인_채식주의샐러드볼,푸드_뉴혼당패스트리} => {매일_멸균흰우유200ml}",0.0149991176989589,0.5592105263157889,0.0268219516499029,1.8510783017707801,170
183,"{새롬_썬키스트오렌지3입망,선명_하루견과요거트} => {매일_멸균흰우유200ml}",0.0111169931180519,0.591549295774648,0.0187930121757544,1.9581249177306799,126
184,"{새롬_썬키스트오렌지3입망,매일_멸균흰우유200ml} => {선명_하루견과요거트}",0.0111169931180519,0.337801608579088,0.032909828833598,2.15819810126008,126
185,"{새롬_썬키스트오렌지3입망,선명_하루견과요거트} => {지구인_채식주의샐러드볼}",0.0101464619728251,0.539906103286385,0.0187930121757544,1.62315537789069,115
186,"{지구인_채식주의샐러드볼,새롬_썬키스트오렌지3입망} => {선명_하루견과요거트}",0.0101464619728251,0.291878172588832,0.03476266101994,1.8647954949953898,115
187,"{새롬_썬키스트오렌지3입망,매일_멸균흰우유200ml} => {지구인_채식주의샐러드볼}",0.0188812422798659,0.57372654155496,0.032909828833598,1.7248319952212,214
188,"{지구인_채식주의샐러드볼,새롬_썬키스트오렌지3입망} => {매일_멸균흰우유200ml}",0.0188812422798659,0.543147208121827,0.03476266101994,1.79790609137056,214
189,"{동원_체다치즈3입,CJ_맛있는소시지160g} => {지구인_채식주의샐러드볼}",0.0112934533262749,0.542372881355932,0.0208223045703194,1.6305714157263003,128
190,"{지구인_채식주의샐러드볼,CJ_맛있는소시지160g} => {동원_체다치즈3입}",0.0112934533262749,0.32989690721649495,0.0342332803952709,2.2854838303128098,128
191,"{CJ_맛있는소시지160g,선명_하루견과요거트} => {지구인_채식주의샐러드볼}",0.0103229221810482,0.590909090909091,0.0174695606140815,1.7764890282131698,117
192,"{지구인_채식주의샐러드볼,CJ_맛있는소시지160g} => {선명_하루견과요거트}",0.0103229221810482,0.30154639175257697,0.0342332803952709,1.92656527853648,117
193,"{실속_1500모닝롤6입,CJ_맛있는소시지160g} => {매일_멸균흰우유200ml}",0.0104111522851597,0.372239747634069,0.0279689430033527,1.23217444500133,118
194,"{CJ_맛있는소시지160g,매일_멸균흰우유200ml} => {실속_1500모닝롤6입}",0.0104111522851597,0.33333333333333304,0.0312334568554791,1.65920070267896,118
195,"{실속_1500모닝롤6입,CJ_맛있는소시지160g} => {지구인_채식주의샐러드볼}",0.0120875242632786,0.43217665615142,0.0279689430033527,1.29928122568175,137
196,"{지구인_채식주의샐러드볼,CJ_맛있는소시지160g} => {실속_1500모닝롤6입}",0.0120875242632786,0.353092783505155,0.0342332803952709,1.75755538350787,137
197,"{CJ_맛있는소시지160g,매일_멸균흰우유200ml} => {지구인_채식주의샐러드볼}",0.0162343391565202,0.519774011299435,0.0312334568554791,1.5626309400710299,184
198,"{지구인_채식주의샐러드볼,CJ_맛있는소시지160g} => {매일_멸균흰우유200ml}",0.0162343391565202,0.474226804123711,0.0342332803952709,1.5697682821081,184
199,"{CJ_백설정백당1kg,선명_하루견과요거트} => {지구인_채식주의샐러드볼}",0.0104111522851597,0.605128205128205,0.017204870301747,1.8192368904305198,118
200,"{지구인_채식주의샐러드볼,CJ_백설정백당1kg} => {선명_하루견과요거트}",0.0104111522851597,0.28992628992629,0.0359096523733898,1.8523250112878102,118
201,"{CJ_백설정백당1kg,매일_멸균흰우유200ml} => {지구인_채식주의샐러드볼}",0.0140285865537321,0.554006968641115,0.0253220398800071,1.6655477407369799,159
202,"{지구인_채식주의샐러드볼,CJ_백설정백당1kg} => {매일_멸균흰우유200ml}",0.0140285865537321,0.39066339066339095,0.0359096523733898,1.29315971664103,159
203,"{삼립미각_이즈니버터와플,선명_하루견과요거트} => {지구인_채식주의샐러드볼}",0.0109405329098288,0.649214659685864,0.0168519498853009,1.95177691057814,124
204,"{지구인_채식주의샐러드볼,삼립미각_이즈니버터와플} => {선명_하루견과요거트}",0.0109405329098288,0.31234256926952103,0.0350273513322746,1.9955415333149698,124
205,"{삼립미각_이즈니버터와플,매일_멸균흰우유200ml} => {지구인_채식주의샐러드볼}",0.0124404446797247,0.54863813229572,0.0226751367566614,1.6494070534322802,141
206,"{지구인_채식주의샐러드볼,삼립미각_이즈니버터와플} => {매일_멸균흰우유200ml}",0.0124404446797247,0.355163727959698,0.0350273513322746,1.1756500270722,141
207,"{선명_하루견과요거트,광동_제주삼다수P500ml} => {지구인_채식주의샐러드볼}",0.0100582318687136,0.5044247787610621,0.0199400035292042,1.5164855285087202,114
208,"{지구인_채식주의샐러드볼,광동_제주삼다수P500ml} => {선명_하루견과요거트}",0.0100582318687136,0.301587301587302,0.0333509793541556,1.9268266494872999,114
209,"{실속_1500모닝롤6입,광동_제주삼다수P500ml} => {매일_멸균흰우유200ml}",0.0102346920769367,0.46399999999999997,0.0220575260278807,1.53591588785047,116
210,"{매일_멸균흰우유200ml,광동_제주삼다수P500ml} => {실속_1500모닝롤6입}",0.0102346920769367,0.268518518518519,0.0381154049761779,1.3365783438247199,116
211,"{매일_멸균흰우유200ml,광동_제주삼다수P500ml} => {지구인_채식주의샐러드볼}",0.0176460208223046,0.46296296296296297,0.0381154049761779,1.3918361332154399,200
212,"{지구인_채식주의샐러드볼,광동_제주삼다수P500ml} => {매일_멸균흰우유200ml}",0.0176460208223046,0.529100529100529,0.0333509793541556,1.7514092864560198,200
213,"{도_고기듬뿍김치제육,동원_체다치즈3입} => {지구인_채식주의샐러드볼}",0.0113816834303864,0.635467980295567,0.0179107111346391,1.91044936038991,129
214,"{도_고기듬뿍김치제육,선명_하루견과요거트} => {지구인_채식주의샐러드볼}",0.0128815952002823,0.651785714285714,0.0197635433209811,1.9595064418340302,146
215,"{지구인_채식주의샐러드볼,도_고기듬뿍김치제육} => {선명_하루견과요거트}",0.0128815952002823,0.270871985157699,0.0475560261161108,1.73058798183617,146
216,"{도_고기듬뿍김치제육,크라운_새콤달콤블루소다} => {지구인_채식주의샐러드볼}",0.0104111522851597,0.605128205128205,0.017204870301747,1.8192368904305198,118
217,"{도_고기듬뿍김치제육,실속_1500모닝롤6입} => {지구인_채식주의샐러드볼}",0.0134109758249515,0.620408163265306,0.0216163755073231,1.8651740377848798,152
218,"{지구인_채식주의샐러드볼,도_고기듬뿍김치제육} => {실속_1500모닝롤6입}",0.0134109758249515,0.28200371057513896,0.0475560261161108,1.40370226423304,152
219,"{도_고기듬뿍김치제육,매일_멸균흰우유200ml} => {지구인_채식주의샐러드볼}",0.0190577024880889,0.654545454545455,0.0291159343568025,1.9678032312515101,216
220,"{지구인_채식주의샐러드볼,도_고기듬뿍김치제육} => {매일_멸균흰우유200ml}",0.0190577024880889,0.40074211502782897,0.0475560261161108,1.32652194267682,216
221,"{동원_체다치즈3입,HJF_숯향가득삼겹살구이} => {지구인_채식주의샐러드볼}",0.0107640727016058,0.5922330097087379,0.0181754014469737,1.7804692127423998,122
222,"{HJF_숯향가득삼겹살구이,선명_하루견과요거트} => {지구인_채식주의샐러드볼}",0.0115581436386095,0.655,0.0176460208223046,1.96916976127321,131
223,"{크라운_새콤달콤블루소다,HJF_숯향가득삼겹살구이} => {지구인_채식주의샐러드볼}",0.0109405329098288,0.561085972850679,0.0194988530086465,1.68682981864445,124
224,"{실속_1500모닝롤6입,HJF_숯향가득삼겹살구이} => {지구인_채식주의샐러드볼}",0.0112052232221634,0.587962962962963,0.0190577024880889,1.76763188918361,127
225,"{HJF_숯향가득삼겹살구이,매일_멸균흰우유200ml} => {지구인_채식주의샐러드볼}",0.0190577024880889,0.629737609329446,0.0302629257102523,1.89322176767638,216
226,"{지구인_채식주의샐러드볼,HJF_숯향가득삼겹살구이} => {매일_멸균흰우유200ml}",0.0190577024880889,0.409090909090909,0.0465854949708841,1.35415781648258,216
227,"{에이치비_우유식빵,돌_후룻바틀파인애플666g} => {매일_멸균흰우유200ml}",0.0112934533262749,0.606635071090047,0.0186165519675313,2.0080613013243602,128
228,"{돌_후룻바틀파인애플666g,매일_멸균흰우유200ml} => {에이치비_우유식빵}",0.0112934533262749,0.261758691206544,0.0431445209105347,2.57756125641613,128
229,"{에이치비_우유식빵,돌_후룻바틀파인애플666g} => {지구인_채식주의샐러드볼}",0.0104993823892712,0.5639810426540279,0.0186165519675313,1.6955334582071,119
230,"{돌_후룻바틀파인애플666g,동원_체다치즈3입} => {매일_멸균흰우유200ml}",0.0122639844715017,0.601731601731602,0.0203811540497618,1.9918300157786102,139
231,"{돌_후룻바틀파인애플666g,매일_멸균흰우유200ml} => {동원_체다치즈3입}",0.0122639844715017,0.284253578732106,0.0431445209105347,1.96927265363673,139
232,"{돌_후룻바틀파인애플666g,동원_체다치즈3입} => {지구인_채식주의샐러드볼}",0.0124404446797247,0.61038961038961,0.0203811540497618,1.83505460057184,141
233,"{지구인_채식주의샐러드볼,돌_후룻바틀파인애플666g} => {동원_체다치즈3입}",0.0124404446797247,0.286585365853659,0.0434092112228692,1.98542697835291,141
234,"{돌_후룻바틀파인애플666g,선명_하루견과요거트} => {매일_멸균흰우유200ml}",0.0154402682195165,0.6076388888888891,0.0254102699841186,2.01138410241433,175
235,"{돌_후룻바틀파인애플666g,매일_멸균흰우유200ml} => {선명_하루견과요거트}",0.0154402682195165,0.357873210633947,0.0431445209105347,2.28643459375713,175
236,"{돌_후룻바틀파인애플666g,선명_하루견과요거트} => {지구인_채식주의샐러드볼}",0.0151755779071819,0.597222222222222,0.0254102699841186,1.7954686118479197,172
237,"{지구인_채식주의샐러드볼,돌_후룻바틀파인애플666g} => {선명_하루견과요거트}",0.0151755779071819,0.349593495934959,0.0434092112228692,2.23353589792944,172
238,"{돌_후룻바틀파인애플666g,실속_1500모닝롤6입} => {매일_멸균흰우유200ml}",0.011646373742721,0.511627906976744,0.0227633668607729,1.6935720495544402,132
239,"{돌_후룻바틀파인애플666g,매일_멸균흰우유200ml} => {실속_1500모닝롤6입}",0.011646373742721,0.269938650306748,0.0431445209105347,1.3436471948075,132
240,"{돌_후룻바틀파인애플666g,실속_1500모닝롤6입} => {지구인_채식주의샐러드볼}",0.011469913534498,0.503875968992248,0.0227633668607729,1.51483560545309,130
241,"{지구인_채식주의샐러드볼,돌_후룻바틀파인애플666g} => {실속_1500모닝롤6입}",0.011469913534498,0.26422764227642304,0.0434092112228692,1.31522006919674,130
242,"{돌_후룻바틀파인애플666g,매일_멸균흰우유200ml} => {지구인_채식주의샐러드볼}",0.0242632786306688,0.562372188139059,0.0431445209105347,1.69069665261753,275
243,"{지구인_채식주의샐러드볼,돌_후룻바틀파인애플666g} => {매일_멸균흰우유200ml}",0.0242632786306688,0.558943089430894,0.0434092112228692,1.8501930419421002,275
244,"{동원_체다치즈3입,진진_강릉커피블랙8T} => {지구인_채식주의샐러드볼}",0.011469913534498,0.585585585585586,0.0195870831127581,1.76048462255359,130
245,"{지구인_채식주의샐러드볼,진진_강릉커피블랙8T} => {동원_체다치즈3입}",0.011469913534498,0.281995661605206,0.040674077995412,1.95363009085171,130
246,"{진진_강릉커피블랙8T,선명_하루견과요거트} => {지구인_채식주의샐러드볼}",0.0113816834303864,0.6,0.0189694723839774,1.80381962864721,129
247,"{지구인_채식주의샐러드볼,진진_강릉커피블랙8T} => {선명_하루견과요거트}",0.0113816834303864,0.279826464208243,0.040674077995412,1.78779771439472,129
248,"{실속_1500모닝롤6입,진진_강릉커피블랙8T} => {지구인_채식주의샐러드볼}",0.0112934533262749,0.5333333333333329,0.0211752249867655,1.6033952254641899,128
249,"{지구인_채식주의샐러드볼,진진_강릉커피블랙8T} => {실속_1500모닝롤6입}",0.0112934533262749,0.27765726681128,0.040674077995412,1.38206739659159,128
250,"{진진_강릉커피블랙8T,매일_멸균흰우유200ml} => {지구인_채식주의샐러드볼}",0.017204870301747,0.503875968992248,0.0341450502911593,1.51483560545309,195
251,"{지구인_채식주의샐러드볼,진진_강릉커피블랙8T} => {매일_멸균흰우유200ml}",0.017204870301747,0.422993492407809,0.040674077995412,1.40017764104851,195
252,"{김천_깨끗한계란10입,동원_모닝버터200g} => {지구인_채식주의샐러드볼}",0.0110287630139404,0.637755102040816,0.0172931004058585,1.9173252855518899,125
253,"{동원_체다치즈3입,동원_모닝버터200g} => {매일_멸균흰우유200ml}",0.0102346920769367,0.46774193548387105,0.0218810658196577,1.5483023063008703,116
254,"{동원_모닝버터200g,매일_멸균흰우유200ml} => {동원_체다치즈3입}",0.0102346920769367,0.28784119106699796,0.0355567319569437,1.99412717576611,116
255,"{동원_체다치즈3입,동원_모닝버터200g} => {지구인_채식주의샐러드볼}",0.013499205929063,0.616935483870968,0.0218810658196577,1.85473389235903,153
256,"{지구인_채식주의샐러드볼,동원_모닝버터200g} => {동원_체다치즈3입}",0.013499205929063,0.29142857142857104,0.0463208046585495,2.0189800908138302,153
257,"{동원_모닝버터200g,선명_하루견과요거트} => {매일_멸균흰우유200ml}",0.0109405329098288,0.5321888412017171,0.0205576142579848,1.76163210460872,124
258,"{동원_모닝버터200g,매일_멸균흰우유200ml} => {선명_하루견과요거트}",0.0109405329098288,0.307692307692308,0.0355567319569437,1.9658312375336102,124
259,"{동원_모닝버터200g,선명_하루견과요거트} => {지구인_채식주의샐러드볼}",0.0127933650961708,0.6223175965665239,0.0205576142579848,1.8709144932320902,145
260,"{지구인_채식주의샐러드볼,동원_모닝버터200g} => {선명_하루견과요거트}",0.0127933650961708,0.276190476190476,0.0463208046585495,1.76456756321469,145
261,"{실속_1500모닝롤6입,동원_모닝버터200g} => {지구인_채식주의샐러드볼}",0.0134109758249515,0.610441767068273,0.0219692959237692,1.8352114026397401,152
262,"{지구인_채식주의샐러드볼,동원_모닝버터200g} => {실속_1500모닝롤6입}",0.0134109758249515,0.28952380952381,0.0463208046585495,1.44113432461259,152
263,"{동원_모닝버터200g,매일_멸균흰우유200ml} => {지구인_채식주의샐러드볼}",0.0220575260278807,0.620347394540943,0.0355567319569437,1.8649913447551798,250
264,"{지구인_채식주의샐러드볼,동원_모닝버터200g} => {매일_멸균흰우유200ml}",0.0220575260278807,0.47619047619047605,0.0463208046585495,1.57626835781041,250
265,"{에이치비_우유식빵,동원_체다치즈3입} => {매일_멸균흰우유200ml}",0.0132345156167284,0.566037735849057,0.0233809775895536,1.8736774819255901,150
266,"{에이치비_우유식빵,매일_멸균흰우유200ml} => {동원_체다치즈3입}",0.0132345156167284,0.283553875236295,0.0466737250749956,1.96442519677761,150
267,"{에이치비_우유식빵,동원_체다치즈3입} => {지구인_채식주의샐러드볼}",0.0126169048879478,0.539622641509434,0.0233809775895536,1.62230318802863,143
268,"{지구인_채식주의샐러드볼,에이치비_우유식빵} => {동원_체다치즈3입}",0.0126169048879478,0.286573146292585,0.0440268219516499,1.9853423227873799,143
269,"{에이치비_우유식빵,선명_하루견과요거트} => {매일_멸균흰우유200ml}",0.0134109758249515,0.610441767068273,0.0219692959237692,2.02066208760275,152
270,"{에이치비_우유식빵,매일_멸균흰우유200ml} => {선명_하루견과요거트}",0.0134109758249515,0.287334593572779,0.0466737250749956,1.8357667889255198,152
271,"{에이치비_우유식빵,선명_하루견과요거트} => {지구인_채식주의샐러드볼}",0.0127933650961708,0.582329317269076,0.0219692959237692,1.7506950880444898,145
272,"{지구인_채식주의샐러드볼,에이치비_우유식빵} => {선명_하루견과요거트}",0.0127933650961708,0.290581162324649,0.0440268219516499,1.85650895929401,145
273,"{에이치비_우유식빵,크라운_새콤달콤블루소다} => {매일_멸균흰우유200ml}",0.0102346920769367,0.47736625514403297,0.0214399152991001,1.5801603784469802,116
274,"{에이치비_우유식빵,크라운_새콤달콤블루소다} => {지구인_채식주의샐러드볼}",0.0104111522851597,0.48559670781893,0.0214399152991001,1.45988145528375,118
275,"{에이치비_우유식빵,실속_1500모닝롤6입} => {지구인_채식주의샐러드볼}",0.0101464619728251,0.5227272727272729,0.019410622904534998,1.5715095249578,115
276,"{에이치비_우유식빵,매일_멸균흰우유200ml} => {지구인_채식주의샐러드볼}",0.0236456679018881,0.506616257088847,0.0466737250749956,1.5230739145477399,268
277,"{지구인_채식주의샐러드볼,에이치비_우유식빵} => {매일_멸균흰우유200ml}",0.0236456679018881,0.537074148296593,0.0440268219516499,1.7778032700915802,268
278,"{동원_체다치즈3입,동원_통그릴델리햄150g} => {지구인_채식주의샐러드볼}",0.0128815952002823,0.588709677419355,0.0218810658196577,1.7698767861726699,146
279,"{지구인_채식주의샐러드볼,동원_통그릴델리햄150g} => {동원_체다치즈3입}",0.0128815952002823,0.253472222222222,0.0508205399682372,1.75602332925835,146
280,"{동원_통그릴델리햄150g,선명_하루견과요거트} => {지구인_채식주의샐러드볼}",0.0129698253043939,0.650442477876106,0.0199400035292042,1.95546818149809,147
281,"{지구인_채식주의샐러드볼,동원_통그릴델리햄150g} => {선명_하루견과요거트}",0.0129698253043939,0.25520833333333304,0.0508205399682372,1.6305136696730602,147
282,"{크라운_새콤달콤블루소다,동원_통그릴델리햄150g} => {지구인_채식주의샐러드볼}",0.0107640727016058,0.5495495495495499,0.0195870831127581,1.6521471073195202,122
283,"{실속_1500모닝롤6입,동원_통그릴델리햄150g} => {지구인_채식주의샐러드볼}",0.015528498323628001,0.628571428571429,0.0247044291512264,1.88971580143994,176
284,"{지구인_채식주의샐러드볼,동원_통그릴델리햄150g} => {실속_1500모닝롤6입}",0.015528498323628001,0.305555555555556,0.0508205399682372,1.52093397745572,176
285,"{동원_통그릴델리햄150g,매일_멸균흰우유200ml} => {지구인_채식주의샐러드볼}",0.0208223045703194,0.617801047120419,0.0337038997706017,1.85733609232436,236
286,"{지구인_채식주의샐러드볼,동원_통그릴델리햄150g} => {매일_멸균흰우유200ml}",0.0208223045703194,0.409722222222222,0.0508205399682372,1.3562475661993798,236
287,"{김천_깨끗한계란10입,서울_ABC주스} => {지구인_채식주의샐러드볼}",0.0100582318687136,0.629834254143646,0.0159696488441856,1.89351231736448,114
288,"{동원_체다치즈3입,김천_깨끗한계란10입} => {매일_멸균흰우유200ml}",0.0103229221810482,0.44656488549618295,0.023116287277218997,1.4782028073054099,117
289,"{김천_깨끗한계란10입,매일_멸균흰우유200ml} => {동원_체다치즈3입}",0.0103229221810482,0.263513513513513,0.0391741662255162,1.8255881186810299,117
290,"{동원_체다치즈3입,김천_깨끗한계란10입} => {지구인_채식주의샐러드볼}",0.0147344273866243,0.637404580152672,0.023116287277218997,1.91627148844838,167
291,"{지구인_채식주의샐러드볼,김천_깨끗한계란10입} => {동원_체다치즈3입}",0.0147344273866243,0.29043478260869604,0.0507323098641256,2.01209524821941,167
292,"{김천_깨끗한계란10입,선명_하루견과요거트} => {매일_멸균흰우유200ml}",0.0107640727016058,0.49392712550607304,0.0217928357155461,1.6349795678988999,122
293,"{김천_깨끗한계란10입,매일_멸균흰우유200ml} => {선명_하루견과요거트}",0.0107640727016058,0.27477477477477497,0.0391741662255161,1.75552271550017,122
294,"{김천_깨끗한계란10입,선명_하루견과요거트} => {지구인_채식주의샐러드볼}",0.0134109758249515,0.615384615384615,0.0217928357155461,1.85007141399714,152
295,"{지구인_채식주의샐러드볼,김천_깨끗한계란10입} => {선명_하루견과요거트}",0.0134109758249515,0.264347826086957,0.0507323098641256,1.68890544581148,152
296,"{크라운_새콤달콤블루소다,김천_깨끗한계란10입} => {지구인_채식주의샐러드볼}",0.0126169048879478,0.576612903225806,0.0218810658196577,1.73350945494994,143
297,"{실속_1500모닝롤6입,김천_깨끗한계란10입} => {지구인_채식주의샐러드볼}",0.0143815069701782,0.5948905109489051,0.0241750485265573,1.78845863424268,163
298,"{지구인_채식주의샐러드볼,김천_깨끗한계란10입} => {실속_1500모닝롤6입}",0.0143815069701782,0.283478260869565,0.0507323098641256,1.41104198888698,163
299,"{김천_깨끗한계란10입,매일_멸균흰우유200ml} => {지구인_채식주의샐러드볼}",0.0225869066525499,0.576576576576577,0.0391741662255162,1.7334002437450702,256
300,"{지구인_채식주의샐러드볼,김천_깨끗한계란10입} => {매일_멸균흰우유200ml}",0.0225869066525499,0.44521739130434795,0.0507323098641256,1.4737423811458799,256
301,"{동원_체다치즈3입,서울_ABC주스} => {매일_멸균흰우유200ml}",0.0108523028057173,0.4712643678160921,0.0230280571731075,1.55996213341927,123
302,"{서울_ABC주스,매일_멸균흰우유200ml} => {동원_체다치즈3입}",0.0108523028057173,0.293556085918854,0.0369684136227281,2.0337192407116698,123
303,"{동원_체다치즈3입,서울_ABC주스} => {지구인_채식주의샐러드볼}",0.0139403564496206,0.60536398467433,0.0230280571731075,1.8199457300527502,158
304,"{지구인_채식주의샐러드볼,서울_ABC주스} => {동원_체다치즈3입}",0.0139403564496206,0.29422718808193704,0.0473795659078878,2.038368551174,158
305,"{선명_하루견과요거트,서울_ABC주스} => {매일_멸균흰우유200ml}",0.0119110640550556,0.45,0.0264690312334569,1.48957359813084,135
306,"{서울_ABC주스,매일_멸균흰우유200ml} => {선명_하루견과요거트}",0.0119110640550556,0.322195704057279,0.0369684136227281,2.0584927338135297,135
307,"{선명_하루견과요거트,서울_ABC주스} => {지구인_채식주의샐러드볼}",0.0162343391565202,0.613333333333333,0.0264690312334569,1.84390450928382,184
308,"{지구인_채식주의샐러드볼,서울_ABC주스} => {선명_하루견과요거트}",0.0162343391565202,0.342644320297952,0.0473795659078878,2.1891379516668503,184
309,"{크라운_새콤달콤블루소다,서울_ABC주스} => {지구인_채식주의샐러드볼}",0.0112052232221634,0.44718309859154903,0.0250573495676725,1.3443960847312,127
310,"{실속_1500모닝롤6입,서울_ABC주스} => {지구인_채식주의샐러드볼}",0.0120875242632786,0.539370078740158,0.0224104464443268,1.6215438918941498,137
311,"{지구인_채식주의샐러드볼,서울_ABC주스} => {실속_1500모닝롤6입}",0.0120875242632786,0.25512104283054,0.0473795659078878,1.26989104059787,137
312,"{서울_ABC주스,매일_멸균흰우유200ml} => {지구인_채식주의샐러드볼}",0.0208223045703194,0.563245823389022,0.0369684136227281,1.6933231199711298,236
313,"{지구인_채식주의샐러드볼,서울_ABC주스} => {매일_멸균흰우유200ml}",0.0208223045703194,0.439478584729981,0.0473795659078878,1.45474599279486,236
314,"{동원_체다치즈3입,선명_하루견과요거트} => {실속_1500모닝롤6입}",0.0127051349920593,0.32,0.0397035468501853,1.59283267457181,144
315,"{실속_1500모닝롤6입,동원_체다치즈3입} => {선명_하루견과요거트}",0.0127051349920593,0.311688311688312,0.0407623080995236,1.99136151334573,144
316,"{실속_1500모닝롤6입,선명_하루견과요거트} => {동원_체다치즈3입}",0.0127051349920593,0.309677419354839,0.0410269984118581,2.14540578910009,144
317,"{동원_체다치즈3입,선명_하루견과요거트} => {매일_멸균흰우유200ml}",0.0217928357155461,0.548888888888889,0.0397035468501853,1.8169119937694698,247
318,"{동원_체다치즈3입,매일_멸균흰우유200ml} => {선명_하루견과요거트}",0.0217928357155461,0.36163982430453895,0.0602611611081701,2.31049930590059,247
319,"{선명_하루견과요거트,매일_멸균흰우유200ml} => {동원_체다치즈3입}",0.0217928357155461,0.31788931788931796,0.0685547908946532,2.2022967780914,247
320,"{동원_체다치즈3입,선명_하루견과요거트} => {지구인_채식주의샐러드볼}",0.0247926592553379,0.6244444444444439,0.0397035468501853,1.87730857648099,281
321,"{지구인_채식주의샐러드볼,동원_체다치즈3입} => {선명_하루견과요거트}",0.0247926592553379,0.339782345828295,0.0729662961002294,2.17085293552305,281
322,"{지구인_채식주의샐러드볼,선명_하루견과요거트} => {동원_체다치즈3입}",0.0247926592553379,0.30879120879120897,0.0802893947414858,2.13926623498751,281
323,"{크라운_새콤달콤블루소다,동원_체다치즈3입} => {매일_멸균흰우유200ml}",0.0110287630139404,0.36443148688046595,0.0302629257102523,1.2063278248549099,125
324,"{크라운_새콤달콤블루소다,동원_체다치즈3입} => {지구인_채식주의샐러드볼}",0.0157049585318511,0.518950437317784,0.0302629257102523,1.56015497521479,178
325,"{실속_1500모닝롤6입,동원_체다치즈3입} => {매일_멸균흰우유200ml}",0.0174695606140815,0.42857142857142894,0.0407623080995236,1.41864152202937,198
326,"{동원_체다치즈3입,매일_멸균흰우유200ml} => {실속_1500모닝롤6입}",0.0174695606140815,0.289897510980966,0.0602611611081701,1.44299446177351,198
327,"{실속_1500모닝롤6입,동원_체다치즈3입} => {지구인_채식주의샐러드볼}",0.0207340744662079,0.5086580086580089,0.0407623080995236,1.5292121671432,235
328,"{지구인_채식주의샐러드볼,동원_체다치즈3입} => {실속_1500모닝롤6입}",0.0207340744662079,0.28415961305925,0.0729662961002294,1.41443348898267,235
329,"{지구인_채식주의샐러드볼,실속_1500모닝롤6입} => {동원_체다치즈3입}",0.0207340744662079,0.26227678571428603,0.0790541732839245,1.81702022572476,235
330,"{동원_체다치즈3입,매일_멸균흰우유200ml} => {지구인_채식주의샐러드볼}",0.0342332803952709,0.5680819912152271,0.0602611611081701,1.7078624107250402,388
331,"{지구인_채식주의샐러드볼,동원_체다치즈3입} => {매일_멸균흰우유200ml}",0.0342332803952709,0.469165659008464,0.0729662961002294,1.5530150640192601,388
332,"{지구인_채식주의샐러드볼,매일_멸균흰우유200ml} => {동원_체다치즈3입}",0.0342332803952709,0.252111760883691,0.135786130227634,1.7465982260731998,388
333,"{크라운_새콤달콤블루소다,선명_하루견과요거트} => {실속_1500모닝롤6입}",0.0110287630139404,0.318877551020408,0.034586200811717004,1.58724557016482,125
334,"{실속_1500모닝롤6입,선명_하루견과요거트} => {크라운_새콤달콤블루소다}",0.0110287630139404,0.26881720430107503,0.0410269984118581,1.43310169028617,125
335,"{실속_1500모닝롤6입,크라운_새콤달콤블루소다} => {선명_하루견과요거트}",0.0110287630139404,0.25,0.0441150520557614,1.59723788049605,125
336,"{크라운_새콤달콤블루소다,선명_하루견과요거트} => {매일_멸균흰우유200ml}",0.0144697370742897,0.418367346938776,0.034586200811717004,1.38486434293344,164
337,"{크라운_새콤달콤블루소다,매일_멸균흰우유200ml} => {선명_하루견과요거트}",0.0144697370742897,0.263665594855305,0.0548791247573672,1.68454670354568,164
338,"{크라운_새콤달콤블루소다,선명_하루견과요거트} => {지구인_채식주의샐러드볼}",0.0186165519675313,0.5382653061224489,0.034586200811717004,1.61822254100579,211
339,"{지구인_채식주의샐러드볼,크라운_새콤달콤블루소다} => {선명_하루견과요거트}",0.0186165519675313,0.283602150537634,0.065643197458973,1.81192039131542,211
340,"{실속_1500모닝롤6입,선명_하루견과요거트} => {매일_멸균흰우유200ml}",0.0200282336333157,0.488172043010753,0.0410269984118581,1.6159293035875801,227
341,"{선명_하루견과요거트,매일_멸균흰우유200ml} => {실속_1500모닝롤6입}",0.0200282336333157,0.29214929214929203,0.0685547908946533,1.4542029324638,227
342,"{실속_1500모닝롤6입,매일_멸균흰우유200ml} => {선명_하루견과요거트}",0.0200282336333157,0.28517587939698497,0.0702311628727722,1.82197486870655,227
343,"{실속_1500모닝롤6입,선명_하루견과요거트} => {지구인_채식주의샐러드볼}",0.023116287277218997,0.5634408602150539,0.0410269984118581,1.69390947206298,262
344,"{지구인_채식주의샐러드볼,선명_하루견과요거트} => {실속_1500모닝롤6입}",0.023116287277218997,0.287912087912088,0.0802893947414858,1.4331118157205098,262
345,"{지구인_채식주의샐러드볼,실속_1500모닝롤6입} => {선명_하루견과요거트}",0.023116287277218997,0.29241071428571397,0.0790541732839245,1.86819787808021,262
346,"{선명_하루견과요거트,매일_멸균흰우유200ml} => {지구인_채식주의샐러드볼}",0.040497617787188994,0.5907335907335911,0.0685547908946532,1.7759614104441699,459
347,"{지구인_채식주의샐러드볼,선명_하루견과요거트} => {매일_멸균흰우유200ml}",0.040497617787188994,0.5043956043956039,0.0802893947414858,1.6696319451576498,459
348,"{지구인_채식주의샐러드볼,매일_멸균흰우유200ml} => {선명_하루견과요거트}",0.040497617787188994,0.29824561403508804,0.135786130227634,1.90547676971459,459
349,"{실속_1500모닝롤6입,크라운_새콤달콤블루소다} => {매일_멸균흰우유200ml}",0.011646373742721,0.264,0.0441150520557614,0.8738831775700929,132
350,"{실속_1500모닝롤6입,크라운_새콤달콤블루소다} => {지구인_채식주의샐러드볼}",0.0183518616551968,0.41600000000000004,0.0441150520557614,1.25064827586207,208
351,"{지구인_채식주의샐러드볼,크라운_새콤달콤블루소다} => {실속_1500모닝롤6입}",0.0183518616551968,0.279569892473118,0.065643197458973,1.39158768611784,208
352,"{크라운_새콤달콤블루소다,매일_멸균흰우유200ml} => {지구인_채식주의샐러드볼}",0.0270866419622375,0.4935691318327971,0.0548791247573672,1.4838494801572701,307
353,"{지구인_채식주의샐러드볼,크라운_새콤달콤블루소다} => {매일_멸균흰우유200ml}",0.0270866419622375,0.412634408602151,0.065643197458973,1.3658873794091002,307
354,"{실속_1500모닝롤6입,매일_멸균흰우유200ml} => {지구인_채식주의샐러드볼}",0.0357331921651668,0.5087939698492461,0.0702311628727722,1.5296209162523502,405
355,"{지구인_채식주의샐러드볼,실속_1500모닝롤6입} => {매일_멸균흰우유200ml}",0.0357331921651668,0.45200892857142894,0.0790541732839245,1.49622348026535,405
356,"{지구인_채식주의샐러드볼,매일_멸균흰우유200ml} => {실속_1500모닝롤6입}",0.0357331921651668,0.263157894736842,0.135786130227634,1.30989529158866,405
357,"{돌_후룻바틀파인애플666g,선명_하루견과요거트,매일_멸균흰우유200ml} => {지구인_채식주의샐러드볼}",0.0104993823892712,0.68,0.0154402682195165,2.04432891246684,119
358,"{지구인_채식주의샐러드볼,돌_후룻바틀파인애플666g,선명_하루견과요거트} => {매일_멸균흰우유200ml}",0.0104993823892712,0.691860465116279,0.0151755779071819,2.29017129428385,119
359,"{지구인_채식주의샐러드볼,돌_후룻바틀파인애플666g,매일_멸균흰우유200ml} => {선명_하루견과요거트}",0.0104993823892712,0.43272727272727296,0.0242632786306688,2.76467356769499,119
360,"{지구인_채식주의샐러드볼,선명_하루견과요거트,매일_멸균흰우유200ml} => {돌_후룻바틀파인애플666g}",0.0104993823892712,0.25925925925925897,0.040497617787188994,2.84732988802756,119
361,"{동원_체다치즈3입,선명_하루견과요거트,매일_멸균흰우유200ml} => {지구인_채식주의샐러드볼}",0.0139403564496206,0.6396761133603239,0.0217928357155461,1.92310054876019,158
362,"{지구인_채식주의샐러드볼,동원_체다치즈3입,선명_하루견과요거트} => {매일_멸균흰우유200ml}",0.0139403564496206,0.562277580071174,0.0247926592553379,1.86123075132205,158
363,"{지구인_채식주의샐러드볼,동원_체다치즈3입,매일_멸균흰우유200ml} => {선명_하루견과요거트}",0.0139403564496206,0.40721649484536104,0.0342332803952709,2.60168644451935,158
364,"{지구인_채식주의샐러드볼,선명_하루견과요거트,매일_멸균흰우유200ml} => {동원_체다치즈3입}",0.0139403564496206,0.344226579520697,0.040497617787188994,2.38475797817089,158
365,"{실속_1500모닝롤6입,동원_체다치즈3입,매일_멸균흰우유200ml} => {지구인_채식주의샐러드볼}",0.0103229221810482,0.590909090909091,0.0174695606140815,1.7764890282131698,117
366,"{지구인_채식주의샐러드볼,실속_1500모닝롤6입,동원_체다치즈3입} => {매일_멸균흰우유200ml}",0.0103229221810482,0.497872340425532,0.0207340744662079,1.64803887452774,117
367,"{지구인_채식주의샐러드볼,동원_체다치즈3입,매일_멸균흰우유200ml} => {실속_1500모닝롤6입}",0.0103229221810482,0.30154639175257697,0.0342332803952709,1.50097795525855,117
368,"{지구인_채식주의샐러드볼,실속_1500모닝롤6입,매일_멸균흰우유200ml} => {동원_체다치즈3입}",0.0103229221810482,0.288888888888889,0.0357331921651668,2.00138549307253,117
369,"{실속_1500모닝롤6입,선명_하루견과요거트,매일_멸균흰우유200ml} => {지구인_채식주의샐러드볼}",0.0122639844715017,0.612334801762115,0.0200282336333157,1.8409025578705098,139
370,"{지구인_채식주의샐러드볼,실속_1500모닝롤6입,선명_하루견과요거트} => {매일_멸균흰우유200ml}",0.0122639844715017,0.5305343511450379,0.023116287277218997,1.7561554719269499,139
371,"{지구인_채식주의샐러드볼,선명_하루견과요거트,매일_멸균흰우유200ml} => {실속_1500모닝롤6입}",0.0122639844715017,0.30283224400871506,0.040497617787188994,1.5073784161593202,139
372,"{지구인_채식주의샐러드볼,실속_1500모닝롤6입,매일_멸균흰우유200ml} => {선명_하루견과요거트}",0.0122639844715017,0.34320987654321,0.0357331921651668,2.19275126310076,139
